syndrome_id,images,%,subjects,img/subject
300000034,210,18.817204301075268,137,1.532846715328467
300000080,198,17.741935483870968,180,1.1
100192430,136,12.186379928315413,127,1.0708661417322836
300000007,115,10.304659498207885,93,1.2365591397849462
300000082,98,8.781362007168457,83,1.180722891566265
100610443,89,7.974910394265233,76,1.1710526315789473
300000018,74,6.630824372759856,64,1.15625
100180860,67,6.003584229390681,62,1.0806451612903225
100610883,65,5.824372759856631,59,1.1016949152542372
700018215,64,5.734767025089606,60,1.0666666666666667
